id	name	driver_symbol	sample_tissue	sex	stage	associated_dataset	associated_assay	neo_label	driver	notes
NCBI_SAM:SAMN09650034	C2_d1_rep1	SS00778	FBbt:00000004		FBdv:00005369	NCBI_PRJ:PRJNA480794		Sample	VFBexp:FBtp0093499FBtp0093502	synonym not in vfb
NCBI_SAM:SAMN09650033	C2_d1_rep2	SS00778	FBbt:00000004		FBdv:00005369	NCBI_PRJ:PRJNA480794		Sample	VFBexp:FBtp0093499FBtp0093502	synonym not in vfb
NCBI_SAM:SAMN09650138	C2.C3_d1_rep1	SS00779	FBbt:00000004		FBdv:00005369	NCBI_PRJ:PRJNA480794		Sample	VFBexp:FBtp0099184FBtp0093502	synonym not in vfb
NCBI_SAM:SAMN09650137	C2.C3_d1_rep2	SS00779	FBbt:00000004		FBdv:00005369	NCBI_PRJ:PRJNA480794		Sample	VFBexp:FBtp0099184FBtp0093502	synonym not in vfb
NCBI_SAM:SAMN09650153	C3_d1_rep1	SS00688	FBbt:00000004		FBdv:00005369	NCBI_PRJ:PRJNA480794		Sample	VFBexp:FBtp0093500FBtp0093501	synonym not in vfb
NCBI_SAM:SAMN09650152	C3_d1_rep2	SS00688	FBbt:00000004		FBdv:00005369	NCBI_PRJ:PRJNA480794		Sample	VFBexp:FBtp0093500FBtp0093501	synonym not in vfb
NCBI_SAM:SAMN09650129	CCAP_d1_rep1	BL-25686	FBbt:00000004		FBdv:00005369	NCBI_PRJ:PRJNA480794		Sample	VFBexp:FBtp0017683	
NCBI_SAM:SAMN09650128	CCAP_d1_rep2	BL-25686	FBbt:00000004		FBdv:00005369	NCBI_PRJ:PRJNA480794		Sample	VFBexp:FBtp0017683	
NCBI_SAM:SAMN09649965	ChAT_d1_rep1	BL-60317	FBbt:00000004		FBdv:00005369	NCBI_PRJ:PRJNA480794		Sample	VFBexp:FBti0168134	
NCBI_SAM:SAMN09649964	ChAT_d1_rep2	BL-60317	FBbt:00000004		FBdv:00005369	NCBI_PRJ:PRJNA480794		Sample	VFBexp:FBti0168134	
NCBI_SAM:SAMN09650025	Crz_d1_rep1	BL-51977	FBbt:00000004		FBdv:00005369	NCBI_PRJ:PRJNA480794		Sample	VFBexp:FBtp0083990	
NCBI_SAM:SAMN09650018	Crz_d1_rep2	BL-51977	FBbt:00000004		FBdv:00005369	NCBI_PRJ:PRJNA480794		Sample	VFBexp:FBtp0083990	
NCBI_SAM:SAMN09649951	Dm1_d1_rep1	SS00309	FBbt:00000004		FBdv:00005369	NCBI_PRJ:PRJNA480794		Sample	VFBexp:FBtp0122198FBtp0118527	
NCBI_SAM:SAMN09649950	Dm1_d1_rep2	SS00309	FBbt:00000004		FBdv:00005369	NCBI_PRJ:PRJNA480794		Sample	VFBexp:FBtp0122198FBtp0118527	
NCBI_SAM:SAMN09649936	Dm10_d1_rep1	SS00327	FBbt:00000004		FBdv:00005369	NCBI_PRJ:PRJNA480794		Sample	VFBexp:FBtp0122182FBtp0119035	
NCBI_SAM:SAMN09649935	Dm10_d1_rep2	SS00327	FBbt:00000004		FBdv:00005369	NCBI_PRJ:PRJNA480794		Sample	VFBexp:FBtp0122182FBtp0119035	
NCBI_SAM:SAMN09649932	Dm11_d1_rep1	SS03159	FBbt:00000004		FBdv:00005369	NCBI_PRJ:PRJNA480794		Sample	VFBexp:FBtp0121197FBtp0120547	
NCBI_SAM:SAMN09650002	Dm11_d1_rep2	SS03159	FBbt:00000004		FBdv:00005369	NCBI_PRJ:PRJNA480794		Sample	VFBexp:FBtp0121197FBtp0120547	
NCBI_SAM:SAMN09650134	Dm12_d1_rep1	SS00384	FBbt:00000004		FBdv:00005369	NCBI_PRJ:PRJNA480794		Sample	VFBexp:FBtp0122419FBtp0119231	
NCBI_SAM:SAMN09650133	Dm12_d1_rep2	SS00384	FBbt:00000004		FBdv:00005369	NCBI_PRJ:PRJNA480794		Sample	VFBexp:FBtp0122419FBtp0119231	
NCBI_SAM:SAMN09649949	Dm12_d1_rep3	SS00384	FBbt:00000004		FBdv:00005369	NCBI_PRJ:PRJNA480794		Sample	VFBexp:FBtp0122419FBtp0119231	
NCBI_SAM:SAMN09649948	Dm12_d1_rep4	SS00384	FBbt:00000004		FBdv:00005369	NCBI_PRJ:PRJNA480794		Sample	VFBexp:FBtp0122419FBtp0119231	
NCBI_SAM:SAMN09650054	Dm3_d1_rep1	SS00974	FBbt:00000004		FBdv:00005369	NCBI_PRJ:PRJNA480794		Sample	VFBexp:FBtp0121544FBtp0119119	
NCBI_SAM:SAMN09650053	Dm3_d1_rep2	SS00974	FBbt:00000004		FBdv:00005369	NCBI_PRJ:PRJNA480794		Sample	VFBexp:FBtp0121544FBtp0119119	
NCBI_SAM:SAMN09650185	Dm4_d1_rep1	SS02361	FBbt:00000004		FBdv:00005369	NCBI_PRJ:PRJNA480794		Sample	VFBexp:FBtp0122158FBtp0118899	
NCBI_SAM:SAMN09650184	Dm4_d1_rep2	SS02361	FBbt:00000004		FBdv:00005369	NCBI_PRJ:PRJNA480794		Sample	VFBexp:FBtp0122158FBtp0118899	
NCBI_SAM:SAMN09649989	Dm4_d2_rep1	SS02592	FBbt:00000004		FBdv:00005369	NCBI_PRJ:PRJNA480794		Sample	VFBexp:FBtp0099171FBtp0118201	
NCBI_SAM:SAMN09649988	Dm4_d2_rep2	SS02592	FBbt:00000004		FBdv:00005369	NCBI_PRJ:PRJNA480794		Sample	VFBexp:FBtp0099171FBtp0118201	
NCBI_SAM:SAMN09650060	Dm8_d1_rep1	SS00323	FBbt:00000004		FBdv:00005369	NCBI_PRJ:PRJNA480794		Sample	VFBexp:FBtp0121416FBtp0093492	
NCBI_SAM:SAMN09650059	Dm8_d1_rep2	SS00323	FBbt:00000004		FBdv:00005369	NCBI_PRJ:PRJNA480794		Sample	VFBexp:FBtp0121416FBtp0093492	
NCBI_SAM:SAMN09649934	Dm9_d1_rep1	SS02427	FBbt:00000004		FBdv:00005369	NCBI_PRJ:PRJNA480794		Sample	VFBexp:FBtp0123320FBtp0108721	
NCBI_SAM:SAMN09649933	Dm9_d1_rep2	SS02427	FBbt:00000004		FBdv:00005369	NCBI_PRJ:PRJNA480794		Sample	VFBexp:FBtp0123320FBtp0108721	
NCBI_SAM:SAMN09650029	Dsk_d1_rep1	BL-51981	FBbt:00000004		FBdv:00005369	NCBI_PRJ:PRJNA480794		Sample	VFBexp:FBtp0087654	
NCBI_SAM:SAMN09650028	Dsk_d1_rep2	BL-51981	FBbt:00000004		FBdv:00005369	NCBI_PRJ:PRJNA480794		Sample	VFBexp:FBtp0087654	
NCBI_SAM:SAMN09649967	Gad1_d1_rep1	BL-60324	FBbt:00000004		FBdv:00005369	NCBI_PRJ:PRJNA480794		Sample	VFBexp:FBti0168170	
NCBI_SAM:SAMN09649966	Gad1_d1_rep2	BL-60324	FBbt:00000004		FBdv:00005369	NCBI_PRJ:PRJNA480794		Sample	VFBexp:FBti0168170	
NCBI_SAM:SAMN09650068	Glia_Eg_d1_rep1	SS55439	FBbt:00000004		FBdv:00005369	NCBI_PRJ:PRJNA480794		Sample	VFBexp:FBtp0121986FBtp0118643	
NCBI_SAM:SAMN09650067	Glia_Eg_d1_rep2	SS55439	FBbt:00000004		FBdv:00005369	NCBI_PRJ:PRJNA480794		Sample	VFBexp:FBtp0121986FBtp0118643	
NCBI_SAM:SAMN09650064	Glia_Eg_d2_rep1	SS55438	FBbt:00000004		FBdv:00005369	NCBI_PRJ:PRJNA480794		Sample	VFBexp:FBtp0121729FBtp0118643	
NCBI_SAM:SAMN09650063	Glia_Eg_d2_rep2	SS55438	FBbt:00000004		FBdv:00005369	NCBI_PRJ:PRJNA480794		Sample	VFBexp:FBtp0121729FBtp0118643	
NCBI_SAM:SAMN09650066	Glia_Eg_d3_rep1	SS08909	FBbt:00000004		FBdv:00005369	NCBI_PRJ:PRJNA480794		Sample	VFBexp:FBtp0121986FBtp0118727	
NCBI_SAM:SAMN09650065	Glia_Eg_d3_rep2	SS08909	FBbt:00000004		FBdv:00005369	NCBI_PRJ:PRJNA480794		Sample	VFBexp:FBtp0121986FBtp0118727	
NCBI_SAM:SAMN09650162	Glia_Mg_d1_rep1	SS55437	FBbt:00000004		FBdv:00005369	NCBI_PRJ:PRJNA480794		Sample	VFBexp:FBtp0122095FBtp0118631	
NCBI_SAM:SAMN09650073	Glia_Mg_d1_rep2	SS55437	FBbt:00000004		FBdv:00005369	NCBI_PRJ:PRJNA480794		Sample	VFBexp:FBtp0122095FBtp0118631	
NCBI_SAM:SAMN09650072	Glia_Psg_d1_rep1	SS55440	FBbt:00000004		FBdv:00005369	NCBI_PRJ:PRJNA480794		Sample	VFBexp:FBtp0117263FBtp0118655	
NCBI_SAM:SAMN09650071	Glia_Psg_d1_rep2	SS55440	FBbt:00000004		FBdv:00005369	NCBI_PRJ:PRJNA480794		Sample	VFBexp:FBtp0117263FBtp0118655	
NCBI_SAM:SAMN09650070	Glia_Psg_d2_rep1	SS55441	FBbt:00000004		FBdv:00005369	NCBI_PRJ:PRJNA480794		Sample	VFBexp:FBtp0117263FBtp0118727	
NCBI_SAM:SAMN09650069	Glia_Psg_d2_rep2	SS55441	FBbt:00000004		FBdv:00005369	NCBI_PRJ:PRJNA480794		Sample	VFBexp:FBtp0117263FBtp0118727	
NCBI_SAM:SAMN09650027	Ilp2_d1_rep1	BL-37516	FBbt:00000004		FBdv:00005369	NCBI_PRJ:PRJNA480794		Sample	VFBexp:FBtp0015862	
NCBI_SAM:SAMN09650026	Ilp2_d1_rep2	BL-37516	FBbt:00000004		FBdv:00005369	NCBI_PRJ:PRJNA480794		Sample	VFBexp:FBtp0015862	
NCBI_SAM:SAMN09650107	KC_ab_c_d1_rep1	MB594B	FBbt:00000004		FBdv:00005369	NCBI_PRJ:PRJNA480794		Sample	VFBexp:FBtp0099500FBtp0117485	
NCBI_SAM:SAMN09650106	KC_ab_c_d1_rep2	MB594B	FBbt:00000004		FBdv:00005369	NCBI_PRJ:PRJNA480794		Sample	VFBexp:FBtp0099500FBtp0117485	
NCBI_SAM:SAMN09650111	KC_ab_c.p.s_d1_rep1	MB008B	FBbt:00000004		FBdv:00005369	NCBI_PRJ:PRJNA480794		Sample	VFBexp:FBtp0099485FBtp0117485	
NCBI_SAM:SAMN09650110	KC_ab_c.p.s_d1_rep2	MB008B	FBbt:00000004		FBdv:00005369	NCBI_PRJ:PRJNA480794		Sample	VFBexp:FBtp0099485FBtp0117485	
NCBI_SAM:SAMN09650113	KC_ab_p_d1_rep1	MB371B	FBbt:00000004		FBdv:00005369	NCBI_PRJ:PRJNA480794		Sample	VFBexp:FBtp0099508FBtp0117485	
NCBI_SAM:SAMN09650112	KC_ab_p_d1_rep2	MB371B	FBbt:00000004		FBdv:00005369	NCBI_PRJ:PRJNA480794		Sample	VFBexp:FBtp0099508FBtp0117485	
NCBI_SAM:SAMN09650109	KC_ab_s_d1_rep1	MB185B	FBbt:00000004		FBdv:00005369	NCBI_PRJ:PRJNA480794		Sample	VFBexp:FBtp0099462FBtp0117484	
NCBI_SAM:SAMN09650108	KC_ab_s_d1_rep2	MB185B	FBbt:00000004		FBdv:00005369	NCBI_PRJ:PRJNA480794		Sample	VFBexp:FBtp0099462FBtp0117484	
NCBI_SAM:SAMN09650050	KC_apbp_ap_d1_rep1	MB463B	FBbt:00000004		FBdv:00005369	NCBI_PRJ:PRJNA480794		Sample	VFBexp:FBtp0117486FBtp0099542	
NCBI_SAM:SAMN09650049	KC_apbp_ap_d1_rep2	MB463B	FBbt:00000004		FBdv:00005369	NCBI_PRJ:PRJNA480794		Sample	VFBexp:FBtp0117486FBtp0099542	
NCBI_SAM:SAMN09650048	KC_apbp_m_d1_rep1	MB418B	FBbt:00000004		FBdv:00005369	NCBI_PRJ:PRJNA480794		Sample	VFBexp:FBtp0099476FBtp0099536	
NCBI_SAM:SAMN09650114	KC_apbp_m_d1_rep2	MB418B	FBbt:00000004		FBdv:00005369	NCBI_PRJ:PRJNA480794		Sample	VFBexp:FBtp0099476FBtp0099536	
NCBI_SAM:SAMN09650117	KC_gd_d1_rep1	MB419B	FBbt:00000004		FBdv:00005369	NCBI_PRJ:PRJNA480794		Sample	VFBexp:FBtp0099482FBtp0099536	
NCBI_SAM:SAMN09650116	KC_gd_d1_rep2	MB419B	FBbt:00000004		FBdv:00005369	NCBI_PRJ:PRJNA480794		Sample	VFBexp:FBtp0099482FBtp0099536	
NCBI_SAM:SAMN09650052	KC_gd_d2_rep1	MB607B	FBbt:00000004		FBdv:00005369	NCBI_PRJ:PRJNA480794		Sample	VFBexp:FBtp0099482FBtp0099525	
NCBI_SAM:SAMN09650051	KC_gd_d2_rep2	MB607B	FBbt:00000004		FBdv:00005369	NCBI_PRJ:PRJNA480794		Sample	VFBexp:FBtp0099482FBtp0099525	
NCBI_SAM:SAMN09650024	Kdm2_d1_rep1	BL-30819	FBbt:00000004		FBdv:00005369	NCBI_PRJ:PRJNA480794		Sample	VFBexp:FBti0004283	
NCBI_SAM:SAMN09650023	Kdm2_d1_rep2	BL-30819	FBbt:00000004		FBdv:00005369	NCBI_PRJ:PRJNA480794		Sample	VFBexp:FBti0004283	
NCBI_SAM:SAMN09650045	L1_d1_rep1	SS00693	FBbt:00000004		FBdv:00005369	NCBI_PRJ:PRJNA480794		Sample	VFBexp:FBtp0099166FBtp0099395	synonym not in vfb
NCBI_SAM:SAMN09650044	L1_d1_rep2	SS00693	FBbt:00000004		FBdv:00005369	NCBI_PRJ:PRJNA480794		Sample	VFBexp:FBtp0099166FBtp0099395	synonym not in vfb
NCBI_SAM:SAMN09650043	L1_d2_rep1	SS00691	FBbt:00000004		FBdv:00005369	NCBI_PRJ:PRJNA480794		Sample	VFBexp:FBtp0099166FBtp0099395	synonym not in vfb
NCBI_SAM:SAMN09650042	L1_d2_rep2	SS00691	FBbt:00000004		FBdv:00005369	NCBI_PRJ:PRJNA480794		Sample	VFBexp:FBtp0099166FBtp0099395	synonym not in vfb
NCBI_SAM:SAMN09650142	L1.L2_d1_rep1	SS00806	FBbt:00000004		FBdv:00005369	NCBI_PRJ:PRJNA480794		Sample	VFBexp:FBtp0093500FBtp0099394	synonym not in vfb
NCBI_SAM:SAMN09650141	L1.L2_d1_rep2	SS00806	FBbt:00000004		FBdv:00005369	NCBI_PRJ:PRJNA480794		Sample	VFBexp:FBtp0093500FBtp0099394	synonym not in vfb
NCBI_SAM:SAMN09650140	L1.L2_d2_rep1	SS00797	FBbt:00000004		FBdv:00005369	NCBI_PRJ:PRJNA480794		Sample	VFBexp:FBtp0093500FBtp0099395	synonym not in vfb
NCBI_SAM:SAMN09650139	L1.L2_d2_rep2	SS00797	FBbt:00000004		FBdv:00005369	NCBI_PRJ:PRJNA480794		Sample	VFBexp:FBtp0093500FBtp0099395	synonym not in vfb
NCBI_SAM:SAMN09650041	L2_d1_rep1	SS00801	FBbt:00000004		FBdv:00005369	NCBI_PRJ:PRJNA480794		Sample	VFBexp:FBtp0093500FBtp0099396	
NCBI_SAM:SAMN09650040	L2_d1_rep2	SS00801	FBbt:00000004		FBdv:00005369	NCBI_PRJ:PRJNA480794		Sample	VFBexp:FBtp0093500FBtp0099396	
NCBI_SAM:SAMN09650039	L3_d1_rep1	SS00696	FBbt:00000004		FBdv:00005369	NCBI_PRJ:PRJNA480794		Sample	VFBexp:FBtp0099173FBtp0099399	synonym not in vfb
NCBI_SAM:SAMN09650038	L3_d1_rep2	SS00696	FBbt:00000004		FBdv:00005369	NCBI_PRJ:PRJNA480794		Sample	VFBexp:FBtp0099173FBtp0099399	synonym not in vfb
NCBI_SAM:SAMN09650037	L4_d1_rep1	SS00789	FBbt:00000004		FBdv:00005369	NCBI_PRJ:PRJNA480794		Sample	VFBexp:FBtp0099177FBtp0099401	synonym not in vfb
NCBI_SAM:SAMN09650151	L4_d1_rep2	SS00789	FBbt:00000004		FBdv:00005369	NCBI_PRJ:PRJNA480794		Sample	VFBexp:FBtp0099177FBtp0099401	synonym not in vfb
NCBI_SAM:SAMN09650036	L5_d1_rep1	SS00692	FBbt:00000004		FBdv:00005369	NCBI_PRJ:PRJNA480794		Sample	VFBexp:FBtp0099181FBtp0099403	synonym not in vfb
NCBI_SAM:SAMN09650035	L5_d1_rep2	SS00692	FBbt:00000004		FBdv:00005369	NCBI_PRJ:PRJNA480794		Sample	VFBexp:FBtp0099181FBtp0099403	synonym not in vfb
NCBI_SAM:SAMN09650144	Lai_d1_rep1	SS55442	FBbt:00000004		FBdv:00005369	NCBI_PRJ:PRJNA480794		Sample	VFBexp:FBtp0122468FBtp0118915	
NCBI_SAM:SAMN09650143	Lai_d1_rep2	SS55442	FBbt:00000004		FBdv:00005369	NCBI_PRJ:PRJNA480794		Sample	VFBexp:FBtp0122468FBtp0118915	
NCBI_SAM:SAMN09650119	Lat_d1_rep1	SS00657	FBbt:00000004		FBdv:00005369	NCBI_PRJ:PRJNA480794		Sample	VFBexp:FBtp0099200FBtp0118427	
NCBI_SAM:SAMN09650118	Lat_d1_rep2	SS00657	FBbt:00000004		FBdv:00005369	NCBI_PRJ:PRJNA480794		Sample	VFBexp:FBtp0099200FBtp0118427	
NCBI_SAM:SAMN09650150	Lawf1_d1_rep1	SS00800	FBbt:00000004		FBdv:00005369	NCBI_PRJ:PRJNA480794		Sample	VFBexp:FBtp0099191FBtp0099408	synonym not in vfb
NCBI_SAM:SAMN09650149	Lawf1_d1_rep2	SS00800	FBbt:00000004		FBdv:00005369	NCBI_PRJ:PRJNA480794		Sample	VFBexp:FBtp0099191FBtp0099408	synonym not in vfb
NCBI_SAM:SAMN09650056	Lawf1_d2_rep1	SS00689	FBbt:00000004		FBdv:00005369	NCBI_PRJ:PRJNA480794		Sample	VFBexp:FBtp0121208FBtp0099407	
NCBI_SAM:SAMN09650055	Lawf1_d2_rep2	SS00689	FBbt:00000004		FBdv:00005369	NCBI_PRJ:PRJNA480794		Sample	VFBexp:FBtp0121208FBtp0099407	
NCBI_SAM:SAMN09650148	Lawf2_d1_rep1	SS00698	FBbt:00000004		FBdv:00005369	NCBI_PRJ:PRJNA480794		Sample	VFBexp:FBtp0099194FBtp0099409	synonym not in vfb
NCBI_SAM:SAMN09650147	Lawf2_d1_rep2	SS00698	FBbt:00000004		FBdv:00005369	NCBI_PRJ:PRJNA480794		Sample	VFBexp:FBtp0099194FBtp0099409	synonym not in vfb
NCBI_SAM:SAMN09649995	LC10a_d1_rep1	OL0019B	FBbt:00000004		FBdv:00005369	NCBI_PRJ:PRJNA480794		Sample	VFBexp:FBtp0117211FBtp0117187	
NCBI_SAM:SAMN09649994	LC10a_d1_rep2	OL0019B	FBbt:00000004		FBdv:00005369	NCBI_PRJ:PRJNA480794		Sample	VFBexp:FBtp0117211FBtp0117187	
NCBI_SAM:SAMN09649991	LC10b_d1_rep1	SS03723	FBbt:00000004		FBdv:00005369	NCBI_PRJ:PRJNA480794		Sample	VFBexp:FBtp0123436FBtp0119362	synonym not in vfb
NCBI_SAM:SAMN09649990	LC10b_d1_rep2	SS03723	FBbt:00000004		FBdv:00005369	NCBI_PRJ:PRJNA480794		Sample	VFBexp:FBtp0123436FBtp0119362	synonym not in vfb
NCBI_SAM:SAMN09649953	LC10bc_d1_rep1	SS00940	FBbt:00000004		FBdv:00005369	NCBI_PRJ:PRJNA480794		Sample	VFBexp:FBtp0117210FBtp0117187	
NCBI_SAM:SAMN09649952	LC10bc_d1_rep2	SS00940	FBbt:00000004		FBdv:00005369	NCBI_PRJ:PRJNA480794		Sample	VFBexp:FBtp0117210FBtp0117187	
NCBI_SAM:SAMN09649955	LC10d_d1_rep1	SS03822	FBbt:00000004		FBdv:00005369	NCBI_PRJ:PRJNA480794		Sample	VFBexp:FBtp0117233FBtp0117202	
NCBI_SAM:SAMN09649954	LC10d_d1_rep2	SS03822	FBbt:00000004		FBdv:00005369	NCBI_PRJ:PRJNA480794		Sample	VFBexp:FBtp0117233FBtp0117202	
NCBI_SAM:SAMN09649987	LC16_d1_rep1	OL0046B	FBbt:00000004		FBdv:00005369	NCBI_PRJ:PRJNA480794		Sample	VFBexp:FBtp0117221FBtp0117186	
NCBI_SAM:SAMN09649986	LC16_d1_rep2	OL0046B	FBbt:00000004		FBdv:00005369	NCBI_PRJ:PRJNA480794		Sample	VFBexp:FBtp0117221FBtp0117186	
NCBI_SAM:SAMN09649985	LC16_d2_rep1	OL0092C	FBbt:00000004		FBdv:00005369	NCBI_PRJ:PRJNA480794		Sample	VFBexp:FBtp0117217FBtp0117249	
NCBI_SAM:SAMN09649984	LC16_d2_rep2	OL0092C	FBbt:00000004		FBdv:00005369	NCBI_PRJ:PRJNA480794		Sample	VFBexp:FBtp0117217FBtp0117249	
NCBI_SAM:SAMN09650180	LC4_d1_rep1	SS00766	FBbt:00000004		FBdv:00005369	NCBI_PRJ:PRJNA480794		Sample	VFBexp:FBtp0121864FBtp0119101	
NCBI_SAM:SAMN09650179	LC4_d1_rep2	SS00766	FBbt:00000004		FBdv:00005369	NCBI_PRJ:PRJNA480794		Sample	VFBexp:FBtp0121864FBtp0119101	
NCBI_SAM:SAMN09650188	LC6_d1_rep1	OL0070B	FBbt:00000004		FBdv:00005369	NCBI_PRJ:PRJNA480794		Sample	VFBexp:FBtp0117210FBtp0117195	
NCBI_SAM:SAMN09650187	LC6_d1_rep2	OL0070B	FBbt:00000004		FBdv:00005369	NCBI_PRJ:PRJNA480794		Sample	VFBexp:FBtp0117210FBtp0117195	
NCBI_SAM:SAMN09650186	LC6_d2_rep1	OL0218B	FBbt:00000004		FBdv:00005369	NCBI_PRJ:PRJNA480794		Sample	VFBexp:FBtp0117244FBtp0117246	
NCBI_SAM:SAMN09650181	LC6_d2_rep2	OL0218B	FBbt:00000004		FBdv:00005369	NCBI_PRJ:PRJNA480794		Sample	VFBexp:FBtp0117244FBtp0117246	
NCBI_SAM:SAMN09650123	lLNv_d1_rep1	SS00645	FBbt:00000004		FBdv:00005369	NCBI_PRJ:PRJNA480794		Sample	VFBexp:FBtp0121105FBtp0118989	
NCBI_SAM:SAMN09650122	lLNv_d1_rep2	SS00645	FBbt:00000004		FBdv:00005369	NCBI_PRJ:PRJNA480794		Sample	VFBexp:FBtp0121105FBtp0118989	
NCBI_SAM:SAMN09649999	LLPC1_d1_rep1	SS02437	FBbt:00000004		FBdv:00005369	NCBI_PRJ:PRJNA480794		Sample	VFBexp:FBtp0124964FBtp0120735	
NCBI_SAM:SAMN09649998	LLPC1_d1_rep2	SS02437	FBbt:00000004		FBdv:00005369	NCBI_PRJ:PRJNA480794		Sample	VFBexp:FBtp0124964FBtp0120735	
NCBI_SAM:SAMN09649997	LPC1_d1_rep1	SS02575	FBbt:00000004		FBdv:00005369	NCBI_PRJ:PRJNA480794		Sample	VFBexp:FBtp0123925FBtp0119198	
NCBI_SAM:SAMN09649996	LPC1_d1_rep2	SS02575	FBbt:00000004		FBdv:00005369	NCBI_PRJ:PRJNA480794		Sample	VFBexp:FBtp0123925FBtp0119198	
NCBI_SAM:SAMN09649993	LPC1_d2_rep1	SS02700	FBbt:00000004		FBdv:00005369	NCBI_PRJ:PRJNA480794		Sample	VFBexp:FBtp0124374FBtp0119198	
NCBI_SAM:SAMN09649992	LPC1_d2_rep2	SS02700	FBbt:00000004		FBdv:00005369	NCBI_PRJ:PRJNA480794		Sample	VFBexp:FBtp0124374FBtp0119198	
NCBI_SAM:SAMN09650168	LPi-34_d1_rep1	SS03656	FBbt:00000004		FBdv:00005369	NCBI_PRJ:PRJNA480794		Sample	VFBexp:FBtp0124560FBtp0120983	
NCBI_SAM:SAMN09650167	LPi-34_d1_rep2	SS03656	FBbt:00000004		FBdv:00005369	NCBI_PRJ:PRJNA480794		Sample	VFBexp:FBtp0124560FBtp0120983	
NCBI_SAM:SAMN09649983	LPLC1_d1_rep1	OL0029B	FBbt:00000004		FBdv:00005369	NCBI_PRJ:PRJNA480794		Sample	VFBexp:FBtp0117216FBtp0117191	
NCBI_SAM:SAMN09650115	LPLC1_d1_rep2	OL0029B	FBbt:00000004		FBdv:00005369	NCBI_PRJ:PRJNA480794		Sample	VFBexp:FBtp0117216FBtp0117191	
NCBI_SAM:SAMN09650190	LPLC2_d1_rep1	OL0048B	FBbt:00000004		FBdv:00005369	NCBI_PRJ:PRJNA480794		Sample	VFBexp:FBtp0117228FBtp0117182	
NCBI_SAM:SAMN09650189	LPLC2_d1_rep2	OL0048B	FBbt:00000004		FBdv:00005369	NCBI_PRJ:PRJNA480794		Sample	VFBexp:FBtp0117228FBtp0117182	
NCBI_SAM:SAMN09650131	LPTC_HS.VS_d1_rep1	SS04438	FBbt:00000004		FBdv:00005369	NCBI_PRJ:PRJNA480794		Sample	VFBexp:FBtp0121620FBtp0120920	
NCBI_SAM:SAMN09650130	LPTC_HS.VS_d1_rep2	SS04438	FBbt:00000004		FBdv:00005369	NCBI_PRJ:PRJNA480794		Sample	VFBexp:FBtp0121620FBtp0120920	
NCBI_SAM:SAMN09650093	MBON_bp1_d1_rep1	MB057B	FBbt:00000004		FBdv:00005369	NCBI_PRJ:PRJNA480794		Sample	VFBexp:FBtp0099498FBtp0099562	
NCBI_SAM:SAMN09650092	MBON_bp1_d1_rep2	MB057B	FBbt:00000004		FBdv:00005369	NCBI_PRJ:PRJNA480794		Sample	VFBexp:FBtp0099498FBtp0099562	
NCBI_SAM:SAMN09650121	MBON_g1pedc_d1_rep1	MB112C	FBbt:00000004		FBdv:00005369	NCBI_PRJ:PRJNA480794		Sample	VFBexp:FBtp0099456FBtp0099565	
NCBI_SAM:SAMN09650120	MBON_g1pedc_d1_rep2	MB112C	FBbt:00000004		FBdv:00005369	NCBI_PRJ:PRJNA480794		Sample	VFBexp:FBtp0099456FBtp0099565	
NCBI_SAM:SAMN09649977	Mi1_d1_rep1	SS00809	FBbt:00000004		FBdv:00005369	NCBI_PRJ:PRJNA480794		Sample	VFBexp:FBtp0122182FBtp0118332	
NCBI_SAM:SAMN09649976	Mi1_d1_rep2	SS00809	FBbt:00000004		FBdv:00005369	NCBI_PRJ:PRJNA480794		Sample	VFBexp:FBtp0122182FBtp0118332	
NCBI_SAM:SAMN09649957	Mi15_d1_rep1	SS00321	FBbt:00000004		FBdv:00005369	NCBI_PRJ:PRJNA480794		Sample	VFBexp:FBtp0099169FBtp0118901	
NCBI_SAM:SAMN09649956	Mi15_d1_rep2	SS00321	FBbt:00000004		FBdv:00005369	NCBI_PRJ:PRJNA480794		Sample	VFBexp:FBtp0099169FBtp0118901	
NCBI_SAM:SAMN09649931	Mi15_d2_rep1	SS02425	FBbt:00000004		FBdv:00005369	NCBI_PRJ:PRJNA480794		Sample	VFBexp:FBtp0123000FBtp0118506	
NCBI_SAM:SAMN09649930	Mi15_d2_rep2	SS02425	FBbt:00000004		FBdv:00005369	NCBI_PRJ:PRJNA480794		Sample	VFBexp:FBtp0123000FBtp0118506	
NCBI_SAM:SAMN09649971	Mi4_d1_rep1	SS01019	FBbt:00000004		FBdv:00005369	NCBI_PRJ:PRJNA480794		Sample	VFBexp:FBtp0121163FBtp0118805	
NCBI_SAM:SAMN09649970	Mi4_d1_rep2	SS01019	FBbt:00000004		FBdv:00005369	NCBI_PRJ:PRJNA480794		Sample	VFBexp:FBtp0121163FBtp0118805	
NCBI_SAM:SAMN09649961	Mi9_d1_rep1	SS02432	FBbt:00000004		FBdv:00005369	NCBI_PRJ:PRJNA480794		Sample	VFBexp:FBtp0124633FBtp0118805	
NCBI_SAM:SAMN09649960	Mi9_d1_rep2	SS02432	FBbt:00000004		FBdv:00005369	NCBI_PRJ:PRJNA480794		Sample	VFBexp:FBtp0124633FBtp0118805	
NCBI_SAM:SAMN09649959	Mi9_d2_rep1	SS02448	FBbt:00000004		FBdv:00005369	NCBI_PRJ:PRJNA480794		Sample	VFBexp:FBtp0117218FBtp0133741	
NCBI_SAM:SAMN09649958	Mi9_d2_rep2	SS02448	FBbt:00000004		FBdv:00005369	NCBI_PRJ:PRJNA480794		Sample	VFBexp:FBtp0117218FBtp0133741	
NCBI_SAM:SAMN09649947	Muscles_App_d1_rep1	BL-1767	FBbt:00000004		FBdv:00005369	NCBI_PRJ:PRJNA480794		Sample	VFBexp:FBti0150063	
NCBI_SAM:SAMN09649946	Muscles_App_d1_rep2	BL-1767	FBbt:00000004		FBdv:00005369	NCBI_PRJ:PRJNA480794		Sample	VFBexp:FBti0150063	
NCBI_SAM:SAMN09649945	Muscles_Head_d1_rep1	BL-1767	FBbt:00000004		FBdv:00005369	NCBI_PRJ:PRJNA480794		Sample	VFBexp:FBti0150063	
NCBI_SAM:SAMN09649944	Muscles_Head_d1_rep2	BL-1767	FBbt:00000004		FBdv:00005369	NCBI_PRJ:PRJNA480794		Sample	VFBexp:FBti0150063	
NCBI_SAM:SAMN09649943	Muscles_Head_d2_rep1	R10F02	FBbt:00000004		FBdv:00005369	NCBI_PRJ:PRJNA480794		Sample	VFBexp:FBtp0057350	
NCBI_SAM:SAMN09649942	Muscles_Head_d2_rep2	R10F02	FBbt:00000004		FBdv:00005369	NCBI_PRJ:PRJNA480794		Sample	VFBexp:FBtp0057350	
NCBI_SAM:SAMN09650031	NPF_d1_rep1	BL-25681	FBbt:00000004		FBdv:00005369	NCBI_PRJ:PRJNA480794		Sample	VFBexp:FBtp0018000	
NCBI_SAM:SAMN09650030	NPF_d1_rep2	BL-25681	FBbt:00000004		FBdv:00005369	NCBI_PRJ:PRJNA480794		Sample	VFBexp:FBtp0018000	
NCBI_SAM:SAMN09650127	NPF_d1_rep3	BL-25681	FBbt:00000004		FBdv:00005369	NCBI_PRJ:PRJNA480794		Sample	VFBexp:FBtp0018000	
NCBI_SAM:SAMN09650126	NPF_d1_rep4	BL-25681	FBbt:00000004		FBdv:00005369	NCBI_PRJ:PRJNA480794		Sample	VFBexp:FBtp0018000	
NCBI_SAM:SAMN09650095	PAM_1_d1_rep1	MB109B	FBbt:00000004		FBdv:00005369	NCBI_PRJ:PRJNA480794		Sample	VFBexp:FBtp0099469FBtp0099561	
NCBI_SAM:SAMN09650094	PAM_1_d1_rep2	MB109B	FBbt:00000004		FBdv:00005369	NCBI_PRJ:PRJNA480794		Sample	VFBexp:FBtp0099469FBtp0099561	
NCBI_SAM:SAMN09650155	PAM_2_d1_rep1	MB196B	FBbt:00000004		FBdv:00005369	NCBI_PRJ:PRJNA480794		Sample	VFBexp:FBtp0099481FBtp0099550	
NCBI_SAM:SAMN09650154	PAM_2_d1_rep2	MB196B	FBbt:00000004		FBdv:00005369	NCBI_PRJ:PRJNA480794		Sample	VFBexp:FBtp0099481FBtp0099550	
NCBI_SAM:SAMN09650091	PAM_3_d1_rep1	MB213B	FBbt:00000004		FBdv:00005369	NCBI_PRJ:PRJNA480794		Sample	VFBexp:FBtp0099479FBtp0099561	
NCBI_SAM:SAMN09650090	PAM_3_d1_rep2	MB213B	FBbt:00000004		FBdv:00005369	NCBI_PRJ:PRJNA480794		Sample	VFBexp:FBtp0099479FBtp0099561	
NCBI_SAM:SAMN09650099	PAM_4_d1_rep1	MB312B	FBbt:00000004		FBdv:00005369	NCBI_PRJ:PRJNA480794		Sample	VFBexp:FBtp0099451FBtp0099550	
NCBI_SAM:SAMN09650098	PAM_4_d1_rep2	MB312B	FBbt:00000004		FBdv:00005369	NCBI_PRJ:PRJNA480794		Sample	VFBexp:FBtp0099451FBtp0099550	
NCBI_SAM:SAMN09650097	PAM_5_d1_rep1	MB315C	FBbt:00000004		FBdv:00005369	NCBI_PRJ:PRJNA480794		Sample	VFBexp:FBtp0099488FBtp0099551	
NCBI_SAM:SAMN09650096	PAM_5_d1_rep2	MB315C	FBbt:00000004		FBdv:00005369	NCBI_PRJ:PRJNA480794		Sample	VFBexp:FBtp0099488FBtp0099551	
NCBI_SAM:SAMN09650077	PAM_6_d1_rep1	MB042B	FBbt:00000004		FBdv:00005369	NCBI_PRJ:PRJNA480794		Sample	VFBexp:FBtp0099467FBtp0099550	
NCBI_SAM:SAMN09650076	PAM_6_d1_rep2	MB042B	FBbt:00000004		FBdv:00005369	NCBI_PRJ:PRJNA480794		Sample	VFBexp:FBtp0099467FBtp0099550	
NCBI_SAM:SAMN09650105	PAM_7_d1_rep1	MB043C	FBbt:00000004		FBdv:00005369	NCBI_PRJ:PRJNA480794		Sample	VFBexp:FBtp0099478FBtp0099551	
NCBI_SAM:SAMN09650104	PAM_7_d1_rep2	MB043C	FBbt:00000004		FBdv:00005369	NCBI_PRJ:PRJNA480794		Sample	VFBexp:FBtp0099478FBtp0099551	
NCBI_SAM:SAMN09650101	PAM_8_d1_rep1	MB441B	FBbt:00000004		FBdv:00005369	NCBI_PRJ:PRJNA480794		Sample	VFBexp:FBtp0099487FBtp0099540	
NCBI_SAM:SAMN09650100	PAM_8_d1_rep2	MB441B	FBbt:00000004		FBdv:00005369	NCBI_PRJ:PRJNA480794		Sample	VFBexp:FBtp0099487FBtp0099540	
NCBI_SAM:SAMN09650103	PAM_9_d1_rep1	MB063B	FBbt:00000004		FBdv:00005369	NCBI_PRJ:PRJNA480794		Sample	VFBexp:FBtp0117254FBtp0117252	
NCBI_SAM:SAMN09650102	PAM_9_d1_rep2	MB063B	FBbt:00000004		FBdv:00005369	NCBI_PRJ:PRJNA480794		Sample	VFBexp:FBtp0117254FBtp0117252	
NCBI_SAM:SAMN09650170	PB_1_d1_rep1	SS00116	FBbt:00000004		FBdv:00005369	NCBI_PRJ:PRJNA480794		Sample	VFBexp:FBtp0121143FBtp0117204	
NCBI_SAM:SAMN09650169	PB_1_d1_rep2	SS00116	FBbt:00000004		FBdv:00005369	NCBI_PRJ:PRJNA480794		Sample	VFBexp:FBtp0121143FBtp0117204	
NCBI_SAM:SAMN09650172	PB_2_d1_rep1	SS00090	FBbt:00000004		FBdv:00005369	NCBI_PRJ:PRJNA480794		Sample	VFBexp:FBtp0121198FBtp0117182	
NCBI_SAM:SAMN09650171	PB_2_d1_rep2	SS00090	FBbt:00000004		FBdv:00005369	NCBI_PRJ:PRJNA480794		Sample	VFBexp:FBtp0121198FBtp0117182	
NCBI_SAM:SAMN09650166	PB_3_d1_rep1	SS02268	FBbt:00000004		FBdv:00005369	NCBI_PRJ:PRJNA480794		Sample	VFBexp:FBtp0121835FBtp0118557	
NCBI_SAM:SAMN09650165	PB_3_d1_rep2	SS02268	FBbt:00000004		FBdv:00005369	NCBI_PRJ:PRJNA480794		Sample	VFBexp:FBtp0121835FBtp0118557	
NCBI_SAM:SAMN09650183	PB_4_d1_rep1	SS02204	FBbt:00000004		FBdv:00005369	NCBI_PRJ:PRJNA480794		Sample	VFBexp:FBtp0121321FBtp0119801	
NCBI_SAM:SAMN09650182	PB_4_d1_rep2	SS02204	FBbt:00000004		FBdv:00005369	NCBI_PRJ:PRJNA480794		Sample	VFBexp:FBtp0121321FBtp0119801	
NCBI_SAM:SAMN09650178	PB_4_d2_rep1	SS02302	FBbt:00000004		FBdv:00005369	NCBI_PRJ:PRJNA480794		Sample	VFBexp:FBtp0121143FBtp0119017	
NCBI_SAM:SAMN09650177	PB_4_d2_rep2	SS02302	FBbt:00000004		FBdv:00005369	NCBI_PRJ:PRJNA480794		Sample	VFBexp:FBtp0121143FBtp0119017	
NCBI_SAM:SAMN09650174	PB_5_d1_rep1	SS02255	FBbt:00000004		FBdv:00005369	NCBI_PRJ:PRJNA480794		Sample	VFBexp:FBtp0123227FBtp0118276	
NCBI_SAM:SAMN09650173	PB_5_d1_rep2	SS02255	FBbt:00000004		FBdv:00005369	NCBI_PRJ:PRJNA480794		Sample	VFBexp:FBtp0123227FBtp0118276	
NCBI_SAM:SAMN09650164	PB_6_d1_rep1	SS00078	FBbt:00000004		FBdv:00005369	NCBI_PRJ:PRJNA480794		Sample	VFBexp:FBtp0121203FBtp0118276	
NCBI_SAM:SAMN09650163	PB_6_d1_rep2	SS00078	FBbt:00000004		FBdv:00005369	NCBI_PRJ:PRJNA480794		Sample	VFBexp:FBtp0121203FBtp0118276	
NCBI_SAM:SAMN09650125	Pdf_d1_rep1	BL-6900	FBbt:00000004		FBdv:00005369	NCBI_PRJ:PRJNA480794		Sample	VFBexp:FBtp0011844	
NCBI_SAM:SAMN09650124	Pdf_d1_rep2	BL-6900	FBbt:00000004		FBdv:00005369	NCBI_PRJ:PRJNA480794		Sample	VFBexp:FBtp0011844	
NCBI_SAM:SAMN09650176	Pm3_d1_rep1	SS00328	FBbt:00000004		FBdv:00005369	NCBI_PRJ:PRJNA480794		Sample	VFBexp:FBtp0122101FBtp0119072	
NCBI_SAM:SAMN09650175	Pm3_d1_rep2	SS00328	FBbt:00000004		FBdv:00005369	NCBI_PRJ:PRJNA480794		Sample	VFBexp:FBtp0122101FBtp0119072	
NCBI_SAM:SAMN09650001	Pm4_d1_rep1	SS00317	FBbt:00000004		FBdv:00005369	NCBI_PRJ:PRJNA480794		Sample	VFBexp:FBtp0121945FBtp0117253	
NCBI_SAM:SAMN09650000	Pm4_d1_rep2	SS00317	FBbt:00000004		FBdv:00005369	NCBI_PRJ:PRJNA480794		Sample	VFBexp:FBtp0121945FBtp0117253	
NCBI_SAM:SAMN09650136	R1-6_d1_rep1	ninaEfl-GAL4	FBbt:00000004		FBdv:00005369	NCBI_PRJ:PRJNA480794		Sample		FBtp0092375; not in VFB
NCBI_SAM:SAMN09650135	R1-6_d1_rep2	ninaEfl-GAL4	FBbt:00000004		FBdv:00005369	NCBI_PRJ:PRJNA480794		Sample		FBtp0092375; not in VFB
NCBI_SAM:SAMN09650013	R1-6_d1_rep3	ninaEfl-GAL4	FBbt:00000004		FBdv:00005369	NCBI_PRJ:PRJNA480794		Sample		FBtp0092375; not in VFB
NCBI_SAM:SAMN09650012	R1-6_d1_rep4	ninaEfl-GAL4	FBbt:00000004		FBdv:00005369	NCBI_PRJ:PRJNA480794		Sample		FBtp0092375; not in VFB
NCBI_SAM:SAMN09650015	R7_d1_rep1	BL-8604	FBbt:00000004		FBdv:00005369	NCBI_PRJ:PRJNA480794		Sample	VFBexp:FBtp0014423	
NCBI_SAM:SAMN09650014	R7_d1_rep2	BL-8604	FBbt:00000004		FBdv:00005369	NCBI_PRJ:PRJNA480794		Sample	VFBexp:FBtp0014423	
NCBI_SAM:SAMN09650022	R7_Rh3_d1_rep1	BL-7457	FBbt:00000004		FBdv:00005369	NCBI_PRJ:PRJNA480794		Sample	VFBexp:FBtp0015861	
NCBI_SAM:SAMN09650021	R7_Rh3_d1_rep2	BL-7457	FBbt:00000004		FBdv:00005369	NCBI_PRJ:PRJNA480794		Sample	VFBexp:FBtp0015861	
NCBI_SAM:SAMN09650020	R8_Rh5_d1_rep1	BL-7458	FBbt:00000004		FBdv:00005369	NCBI_PRJ:PRJNA480794		Sample	VFBexp:FBtp0012866	
NCBI_SAM:SAMN09650019	R8_Rh5_d1_rep2	BL-7458	FBbt:00000004		FBdv:00005369	NCBI_PRJ:PRJNA480794		Sample	VFBexp:FBtp0012866	
NCBI_SAM:SAMN09650017	R8_Rh6_d1_rep1	BL-7464	FBbt:00000004		FBdv:00005369	NCBI_PRJ:PRJNA480794		Sample	VFBexp:FBtp0015152	
NCBI_SAM:SAMN09650016	R8_Rh6_d1_rep2	BL-7464	FBbt:00000004		FBdv:00005369	NCBI_PRJ:PRJNA480794		Sample	VFBexp:FBtp0015152	
NCBI_SAM:SAMN09650146	T1_d1_rep1	SS00790	FBbt:00000004		FBdv:00005369	NCBI_PRJ:PRJNA480794		Sample	VFBexp:FBtp0099188FBtp0099406	synonym not in vfb
NCBI_SAM:SAMN09650145	T1_d1_rep2	SS00790	FBbt:00000004		FBdv:00005369	NCBI_PRJ:PRJNA480794		Sample	VFBexp:FBtp0099188FBtp0099406	synonym not in vfb
NCBI_SAM:SAMN09650087	T4_d1_rep1	SS02344	FBbt:00000004		FBdv:00005369	NCBI_PRJ:PRJNA480794		Sample	VFBexp:FBtp0121740FBtp0119787	
NCBI_SAM:SAMN09650086	T4_d1_rep2	SS02344	FBbt:00000004		FBdv:00005369	NCBI_PRJ:PRJNA480794		Sample	VFBexp:FBtp0121740FBtp0119787	
NCBI_SAM:SAMN09650089	T4_d2_rep1	SS23866	FBbt:00000004		FBdv:00005369	NCBI_PRJ:PRJNA480794		Sample	VFBexp:FBtp0121686FBtp0119787	
NCBI_SAM:SAMN09650088	T4_d2_rep2	SS23866	FBbt:00000004		FBdv:00005369	NCBI_PRJ:PRJNA480794		Sample	VFBexp:FBtp0121686FBtp0119787	
NCBI_SAM:SAMN09649939	T4.T5_d1_female_rep1	SS00324	FBbt:00000004		FBdv:00005369	NCBI_PRJ:PRJNA480794		Sample	VFBexp:FBtp0121740FBtp0118967	
NCBI_SAM:SAMN09649938	T4.T5_d1_female_rep2	SS00324	FBbt:00000004		FBdv:00005369	NCBI_PRJ:PRJNA480794		Sample	VFBexp:FBtp0121740FBtp0118967	
NCBI_SAM:SAMN09649941	T4.T5_d1_male_rep1	SS00324	FBbt:00000004		FBdv:00005369	NCBI_PRJ:PRJNA480794		Sample	VFBexp:FBtp0121740FBtp0118967	
NCBI_SAM:SAMN09649940	T4.T5_d1_male_rep2	SS00324	FBbt:00000004		FBdv:00005369	NCBI_PRJ:PRJNA480794		Sample	VFBexp:FBtp0121740FBtp0118967	
NCBI_SAM:SAMN09650079	T4.T5_d1_rep1	SS00324	FBbt:00000004		FBdv:00005369	NCBI_PRJ:PRJNA480794		Sample	VFBexp:FBtp0121740FBtp0118967	
NCBI_SAM:SAMN09650078	T4.T5_d1_rep2	SS00324	FBbt:00000004		FBdv:00005369	NCBI_PRJ:PRJNA480794		Sample	VFBexp:FBtp0121740FBtp0118967	
NCBI_SAM:SAMN09650081	T4.T5_d2_rep1	SS21452	FBbt:00000004		FBdv:00005369	NCBI_PRJ:PRJNA480794		Sample	VFBexp:FBtp0121740FBtp0120861	
NCBI_SAM:SAMN09650080	T4.T5_d2_rep2	SS21452	FBbt:00000004		FBdv:00005369	NCBI_PRJ:PRJNA480794		Sample	VFBexp:FBtp0121740FBtp0120861	
NCBI_SAM:SAMN09650085	T5_d1_rep1	SS25175	FBbt:00000004		FBdv:00005369	NCBI_PRJ:PRJNA480794		Sample	VFBexp:FBtp0121828FBtp0120861	
NCBI_SAM:SAMN09650084	T5_d1_rep2	SS25175	FBbt:00000004		FBdv:00005369	NCBI_PRJ:PRJNA480794		Sample	VFBexp:FBtp0121828FBtp0120861	
NCBI_SAM:SAMN09650083	T5_d2_rep1	SS23757	FBbt:00000004		FBdv:00005369	NCBI_PRJ:PRJNA480794		Sample	VFBexp:FBtp0124379FBtp0118438	
NCBI_SAM:SAMN09650082	T5_d2_rep2	SS23757	FBbt:00000004		FBdv:00005369	NCBI_PRJ:PRJNA480794		Sample	VFBexp:FBtp0124379FBtp0118438	
NCBI_SAM:SAMN09650132	Tm1_d1_rep1	SS00796	FBbt:00000004		FBdv:00005369	NCBI_PRJ:PRJNA480794		Sample	VFBexp:FBtp0122237FBtp0118721	
NCBI_SAM:SAMN09650032	Tm1_d1_rep2	SS00796	FBbt:00000004		FBdv:00005369	NCBI_PRJ:PRJNA480794		Sample	VFBexp:FBtp0122237FBtp0118721	
NCBI_SAM:SAMN09649969	Tm2_d1_rep1	SS00811	FBbt:00000004		FBdv:00005369	NCBI_PRJ:PRJNA480794		Sample	VFBexp:FBtp0122360FBtp0118528	
NCBI_SAM:SAMN09649968	Tm2_d1_rep2	SS00811	FBbt:00000004		FBdv:00005369	NCBI_PRJ:PRJNA480794		Sample	VFBexp:FBtp0122360FBtp0118528	
NCBI_SAM:SAMN09650058	Tm20_d1_rep1	SS00355	FBbt:00000004		FBdv:00005369	NCBI_PRJ:PRJNA480794		Sample	VFBexp:FBtp0122345FBtp0118715	
NCBI_SAM:SAMN09650057	Tm20_d1_rep2	SS00355	FBbt:00000004		FBdv:00005369	NCBI_PRJ:PRJNA480794		Sample	VFBexp:FBtp0122345FBtp0118715	
NCBI_SAM:SAMN09650062	Tm29_d1_rep1	SS00308	FBbt:00000004		FBdv:00005369	NCBI_PRJ:PRJNA480794		Sample	VFBexp:FBtp0122203FBtp0118486	
NCBI_SAM:SAMN09650061	Tm29_d1_rep2	SS00308	FBbt:00000004		FBdv:00005369	NCBI_PRJ:PRJNA480794		Sample	VFBexp:FBtp0122203FBtp0118486	
NCBI_SAM:SAMN09649975	Tm3_d1_rep1	SS00300	FBbt:00000004		FBdv:00005369	NCBI_PRJ:PRJNA480794		Sample	VFBexp:FBtp0117531FBtp0118226	
NCBI_SAM:SAMN09649974	Tm3_d1_rep2	SS00300	FBbt:00000004		FBdv:00005369	NCBI_PRJ:PRJNA480794		Sample	VFBexp:FBtp0117531FBtp0118226	
NCBI_SAM:SAMN09649973	Tm4_d1_rep1	SS00320	FBbt:00000004		FBdv:00005369	NCBI_PRJ:PRJNA480794		Sample	VFBexp:FBtp0122056FBtp0118897	
NCBI_SAM:SAMN09649972	Tm4_d1_rep2	SS00320	FBbt:00000004		FBdv:00005369	NCBI_PRJ:PRJNA480794		Sample	VFBexp:FBtp0122056FBtp0118897	
NCBI_SAM:SAMN09650047	Tm9_d1_rep1	SS00307	FBbt:00000004		FBdv:00005369	NCBI_PRJ:PRJNA480794		Sample	VFBexp:FBtp0122157FBtp0118445	
NCBI_SAM:SAMN09650046	Tm9_d1_rep2	SS00307	FBbt:00000004		FBdv:00005369	NCBI_PRJ:PRJNA480794		Sample	VFBexp:FBtp0122157FBtp0118445	
NCBI_SAM:SAMN09650074	TmY3_d1_rep1	SS00331	FBbt:00000004		FBdv:00005369	NCBI_PRJ:PRJNA480794		Sample	VFBexp:FBtp0121090FBtp0099557	
NCBI_SAM:SAMN09649937	TmY3_d1_rep2	SS00331	FBbt:00000004		FBdv:00005369	NCBI_PRJ:PRJNA480794		Sample	VFBexp:FBtp0121090FBtp0099557	
NCBI_SAM:SAMN09650004	TmY5a_d1_rep1	SS02594	FBbt:00000004		FBdv:00005369	NCBI_PRJ:PRJNA480794		Sample	VFBexp:FBtp0122214FBtp0118485	
NCBI_SAM:SAMN09650003	TmY5a_d1_rep2	SS02594	FBbt:00000004		FBdv:00005369	NCBI_PRJ:PRJNA480794		Sample	VFBexp:FBtp0122214FBtp0118485	
NCBI_SAM:SAMN09649963	VGlut_d1_rep1	BL-60312	FBbt:00000004		FBdv:00005369	NCBI_PRJ:PRJNA480794		Sample	VFBexp:FBti0168144	
NCBI_SAM:SAMN09649962	VGlut_d1_rep2	BL-60312	FBbt:00000004		FBdv:00005369	NCBI_PRJ:PRJNA480794		Sample	VFBexp:FBti0168144	
